{
  "part1": 0.9896551724137931,
  "part2": 0.9835640138408305,
  "part3": 0.9896193771626297,
  "part4": 0.986159169550173,
  "part5": 1.0,
  "part6": 1.0,
  "part7": 0.9922145328719724,
  "part8": 0.9801038062283737,
  "part9": 0.9887543252595156,
  "part10": 0.9896907216494846,
  "cvloo" : 0.9899761118976773
}
