{
  "part3": 1.0,
  "part4": 0.9975990396158463,
  "part5": 1.0,
  "part6": 1.0,
  "part7": 0.9968017057569296,
  "part8": 0.9834710743801653,
  "part9": 0.9960435212660732,
  "part10": 0.9904926534140017,
  "cvloo": 0.995550999304127
}