{
 "part1": 0.8375,
 "part2": 0.8416955017301038,
 "part3": 0.8451557093425606,
 "part4": 0.8442906574394463,
 "part5": 0.8491379310344828,
 "part6": 0.8512110726643599,
 "part7": 0.842560553633218,
 "part8": 0.8416955017301038,
 "part9": 0.8538062283737025,
 "part10": 0.8419243986254296,
 "cvloo" :  0.8448977554573409
}
